epoch,loss,top-1,top-5,lr
0,1.707376975529839,98.47999572753906,99.44499969482422,0.1
1,1.7258003261449049,91.5,97.69499969482422,0.1
2,0.9527826259132358,90.30500030517578,99.82999420166016,0.1
3,0.9910079000433034,90.19499969482422,99.84500122070312,0.099
4,0.9442307225291151,90.51499938964844,99.91500091552734,0.099
